image_name,value
/home/lg08/main/data/standard_collective/PV01_325159_1203813.bmp,1
/home/lg08/main/data/standard_collective/chxRO-33116.jpg,0
/home/lg08/main/data/standard_collective/PV01_325122_1203837.bmp,1
/home/lg08/main/data/standard_collective/PV01_325221_1204203.bmp,1
/home/lg08/main/data/standard_collective/BOBON-46048.jpg,0
/home/lg08/main/data/standard_collective/DJJfg-12374.jpg,0
/home/lg08/main/data/standard_collective/PV01_324958_1203801.bmp,1
/home/lg08/main/data/standard_collective/PV01_325206_1204232.bmp,1
/home/lg08/main/data/standard_collective/ePGiQ-20879.jpg,0
/home/lg08/main/data/standard_collective/PV01_325356_1205361.bmp,1
/home/lg08/main/data/standard_collective/EHMaY-46471.jpg,0
/home/lg08/main/data/standard_collective/PV01_325141_1204224.bmp,1
/home/lg08/main/data/standard_collective/eKSYL-37004.jpg,0
/home/lg08/main/data/standard_collective/COUmP-83889.jpg,0
/home/lg08/main/data/standard_collective/DKIYk-83912.jpg,0
/home/lg08/main/data/standard_collective/PV01_325595_1204553.bmp,1
/home/lg08/main/data/standard_collective/DeWHt-65007.jpg,0
/home/lg08/main/data/standard_collective/PV01_325211_1204189.bmp,1
/home/lg08/main/data/standard_collective/PV01_325194_1204249.bmp,1
/home/lg08/main/data/standard_collective/PV01_325132_1204254.bmp,1
/home/lg08/main/data/standard_collective/PV01_325367_1205525.bmp,1
/home/lg08/main/data/standard_collective/eNtHU-68551.jpg,0
/home/lg08/main/data/standard_collective/PV01_325211_1204186.bmp,1
/home/lg08/main/data/standard_collective/PV01_325321_1205478.bmp,1
/home/lg08/main/data/standard_collective/PV01_325322_1205375.bmp,1
/home/lg08/main/data/standard_collective/AdwoJ-58249.jpg,0
/home/lg08/main/data/standard_collective/PV01_325317_1205375.bmp,1
/home/lg08/main/data/standard_collective/cazWn-96287.jpg,0
/home/lg08/main/data/standard_collective/PV01_325365_1205527.bmp,1
/home/lg08/main/data/standard_collective/PV01_324942_1203839.bmp,1
/home/lg08/main/data/standard_collective/ffLzH-31263.jpg,0
/home/lg08/main/data/standard_collective/aeSen-79717.jpg,0
/home/lg08/main/data/standard_collective/PV01_325199_1204156.bmp,1
/home/lg08/main/data/standard_collective/PV01_325327_1203767.bmp,1
/home/lg08/main/data/standard_collective/PV01_325362_1205530.bmp,1
/home/lg08/main/data/standard_collective/PV01_325321_1205380.bmp,1
/home/lg08/main/data/standard_collective/PV01_325208_1204194.bmp,1
/home/lg08/main/data/standard_collective/PV01_325586_1204556.bmp,1
/home/lg08/main/data/standard_collective/CATpJ-97895.jpg,0
/home/lg08/main/data/standard_collective/PV01_325319_1205380.bmp,1
/home/lg08/main/data/standard_collective/PV01_325194_1204251.bmp,1
/home/lg08/main/data/standard_collective/EoaSy-17859.jpg,0
/home/lg08/main/data/standard_collective/PV01_325141_1204232.bmp,1
/home/lg08/main/data/standard_collective/PV01_325416_1205362.bmp,1
/home/lg08/main/data/standard_collective/FfKld-82063.jpg,0
/home/lg08/main/data/standard_collective/AGLhx-73217.jpg,0
/home/lg08/main/data/standard_collective/CXTmj-28743.jpg,0
/home/lg08/main/data/standard_collective/BzTHL-14579.jpg,0
/home/lg08/main/data/standard_collective/bJHJl-17800.jpg,0
/home/lg08/main/data/standard_collective/cPTxi-71581.jpg,0
/home/lg08/main/data/standard_collective/DwrKE-21253.jpg,0
/home/lg08/main/data/standard_collective/PV01_325224_1204192.bmp,1
/home/lg08/main/data/standard_collective/PV01_325399_1203794.bmp,1
/home/lg08/main/data/standard_collective/ClUaz-77771.jpg,0
/home/lg08/main/data/standard_collective/ClvkT-44927.jpg,0
/home/lg08/main/data/standard_collective/PV01_325204_1204170.bmp,1
/home/lg08/main/data/standard_collective/PV01_325363_1205359.bmp,1
/home/lg08/main/data/standard_collective/eWsUV-47932.jpg,0
/home/lg08/main/data/standard_collective/cKKgu-11612.jpg,0
/home/lg08/main/data/standard_collective/PV01_325397_1203794.bmp,1
/home/lg08/main/data/standard_collective/BradU-18089.jpg,0
/home/lg08/main/data/standard_collective/bULYw-78956.jpg,0
/home/lg08/main/data/standard_collective/CTYJA-40792.jpg,0
/home/lg08/main/data/standard_collective/BWcvL-28444.jpg,0
/home/lg08/main/data/standard_collective/PV01_325146_1204237.bmp,1
/home/lg08/main/data/standard_collective/BpSta-70558.jpg,0
/home/lg08/main/data/standard_collective/PV01_325222_1204186.bmp,1
/home/lg08/main/data/standard_collective/PV01_325122_1203842.bmp,1
/home/lg08/main/data/standard_collective/eBasD-60595.jpg,0
/home/lg08/main/data/standard_collective/BoBhl-40799.jpg,0
/home/lg08/main/data/standard_collective/PV01_325213_1204178.bmp,1
/home/lg08/main/data/standard_collective/PV01_325146_1204240.bmp,1
/home/lg08/main/data/standard_collective/AgdwF-14011.jpg,0
/home/lg08/main/data/standard_collective/BWuVY-61847.jpg,0
/home/lg08/main/data/standard_collective/ctGyh-36948.jpg,0
/home/lg08/main/data/standard_collective/dVZGH-51669.jpg,0
/home/lg08/main/data/standard_collective/dvzvB-33392.jpg,0
/home/lg08/main/data/standard_collective/PV01_325565_1203822.bmp,1
/home/lg08/main/data/standard_collective/PV01_325206_1204189.bmp,1
/home/lg08/main/data/standard_collective/PV01_325412_1205364.bmp,1
/home/lg08/main/data/standard_collective/PV01_325281_1203778.bmp,1
/home/lg08/main/data/standard_collective/PV01_325192_1204156.bmp,1
/home/lg08/main/data/standard_collective/bIoZT-46893.jpg,0
/home/lg08/main/data/standard_collective/PV01_325134_1204248.bmp,1
/home/lg08/main/data/standard_collective/BjFUj-24031.jpg,0
/home/lg08/main/data/standard_collective/PV01_325188_1204156.bmp,1
/home/lg08/main/data/standard_collective/etPhp-82792.jpg,0
/home/lg08/main/data/standard_collective/bveIf-14910.jpg,0
/home/lg08/main/data/standard_collective/CALTn-43198.jpg,0
/home/lg08/main/data/standard_collective/CUMqj-35395.jpg,0
/home/lg08/main/data/standard_collective/BYdwN-91688.jpg,0
/home/lg08/main/data/standard_collective/PV01_325316_1205478.bmp,1
/home/lg08/main/data/standard_collective/PV01_325321_1205486.bmp,1
/home/lg08/main/data/standard_collective/PV01_325325_1205372.bmp,1
/home/lg08/main/data/standard_collective/bQgWZ-55134.jpg,0
/home/lg08/main/data/standard_collective/PV01_325134_1204251.bmp,1
/home/lg08/main/data/standard_collective/PV01_325597_1204553.bmp,1
/home/lg08/main/data/standard_collective/ADOTL-50410.jpg,0
/home/lg08/main/data/standard_collective/PV01_325143_1204240.bmp,1
/home/lg08/main/data/standard_collective/erthE-44908.jpg,0
/home/lg08/main/data/standard_collective/PV01_325185_1204156.bmp,1
/home/lg08/main/data/standard_collective/EfnxQ-89009.jpg,0
/home/lg08/main/data/standard_collective/EgqsU-29170.jpg,0
/home/lg08/main/data/standard_collective/PV01_325361_1205353.bmp,1
/home/lg08/main/data/standard_collective/PV01_325127_1204246.bmp,1
/home/lg08/main/data/standard_collective/PV01_325201_1204181.bmp,1
/home/lg08/main/data/standard_collective/FgSAA-67962.jpg,0
/home/lg08/main/data/standard_collective/CagRd-87450.jpg,0
/home/lg08/main/data/standard_collective/BtMNC-69541.jpg,0
/home/lg08/main/data/standard_collective/PV01_325362_1205525.bmp,1
/home/lg08/main/data/standard_collective/bVPwT-61665.jpg,0
/home/lg08/main/data/standard_collective/DuTKH-94872.jpg,0
/home/lg08/main/data/standard_collective/DaMIl-70427.jpg,0
/home/lg08/main/data/standard_collective/ffSFv-14106.jpg,0
/home/lg08/main/data/standard_collective/PV01_325563_1204534.bmp,1
/home/lg08/main/data/standard_collective/AndFo-65143.jpg,0
/home/lg08/main/data/standard_collective/CzeBW-74729.jpg,0
/home/lg08/main/data/standard_collective/PV01_325211_1204208.bmp,1
/home/lg08/main/data/standard_collective/AKpGo-68335.jpg,0
/home/lg08/main/data/standard_collective/PV01_325222_1204197.bmp,1
/home/lg08/main/data/standard_collective/PV01_325199_1204153.bmp,1
/home/lg08/main/data/standard_collective/PV01_325416_1205372.bmp,1
/home/lg08/main/data/standard_collective/PV01_325435_1204697.bmp,1
/home/lg08/main/data/standard_collective/PV01_325208_1204170.bmp,1
/home/lg08/main/data/standard_collective/bqYPN-68559.jpg,0
/home/lg08/main/data/standard_collective/fABHA-27828.jpg,0
/home/lg08/main/data/standard_collective/PV01_325326_1205369.bmp,1
/home/lg08/main/data/standard_collective/PV01_325192_1204240.bmp,1
/home/lg08/main/data/standard_collective/PV01_325201_1204153.bmp,1
/home/lg08/main/data/standard_collective/PV01_325574_1203752.bmp,1
/home/lg08/main/data/standard_collective/PV01_325127_1204229.bmp,1
/home/lg08/main/data/standard_collective/drvHF-49700.jpg,0
/home/lg08/main/data/standard_collective/EkxOn-31235.jpg,0
/home/lg08/main/data/standard_collective/CynxX-75500.jpg,0
/home/lg08/main/data/standard_collective/BYsJE-91864.jpg,0
/home/lg08/main/data/standard_collective/ahbdY-52016.jpg,0
/home/lg08/main/data/standard_collective/PV01_325415_1203781.bmp,1
/home/lg08/main/data/standard_collective/DAquT-93974.jpg,0
/home/lg08/main/data/standard_collective/CbLHG-74817.jpg,0
/home/lg08/main/data/standard_collective/PV01_325208_1204191.bmp,1
/home/lg08/main/data/standard_collective/PV01_325215_1204183.bmp,1
/home/lg08/main/data/standard_collective/PV01_325124_1203845.bmp,1
/home/lg08/main/data/standard_collective/PV01_325201_1204170.bmp,1
/home/lg08/main/data/standard_collective/DxIWY-54263.jpg,0
/home/lg08/main/data/standard_collective/PV01_325132_1204235.bmp,1
/home/lg08/main/data/standard_collective/CWogu-62884.jpg,0
/home/lg08/main/data/standard_collective/PV01_325407_1205351.bmp,1
/home/lg08/main/data/standard_collective/BCkxF-55437.jpg,0
/home/lg08/main/data/standard_collective/DBqmD-88533.jpg,0
/home/lg08/main/data/standard_collective/PV01_325412_1205353.bmp,1
/home/lg08/main/data/standard_collective/PV01_325208_1204167.bmp,1
/home/lg08/main/data/standard_collective/atxkW-84302.jpg,0
/home/lg08/main/data/standard_collective/PV01_325206_1204178.bmp,1
/home/lg08/main/data/standard_collective/PV01_325365_1205533.bmp,1
/home/lg08/main/data/standard_collective/PV01_325150_1204246.bmp,1
/home/lg08/main/data/standard_collective/PV01_325572_1204537.bmp,1
/home/lg08/main/data/standard_collective/eCjkC-76228.jpg,0
/home/lg08/main/data/standard_collective/AESap-54297.jpg,0
/home/lg08/main/data/standard_collective/Apsym-56681.jpg,0
/home/lg08/main/data/standard_collective/aELAt-11312.jpg,0
/home/lg08/main/data/standard_collective/cHlgM-55906.jpg,0
/home/lg08/main/data/standard_collective/PV01_325211_1204205.bmp,1
/home/lg08/main/data/standard_collective/EExxa-35889.jpg,0
/home/lg08/main/data/standard_collective/cCIKh-63578.jpg,0
/home/lg08/main/data/standard_collective/PV01_325503_1203819.bmp,1
/home/lg08/main/data/standard_collective/PV01_325218_1204189.bmp,1
/home/lg08/main/data/standard_collective/PV01_325355_1205527.bmp,1
/home/lg08/main/data/standard_collective/bwLHR-59056.jpg,0
/home/lg08/main/data/standard_collective/PV01_325215_1204200.bmp,1
/home/lg08/main/data/standard_collective/DNWGK-30686.jpg,0
/home/lg08/main/data/standard_collective/PV01_325335_1205369.bmp,1
/home/lg08/main/data/standard_collective/PV01_325567_1203822.bmp,1
/home/lg08/main/data/standard_collective/cZpcy-62402.jpg,0
/home/lg08/main/data/standard_collective/DSNGS-27814.jpg,0
/home/lg08/main/data/standard_collective/PV01_325358_1205525.bmp,1
/home/lg08/main/data/standard_collective/ALNfp-54144.jpg,0
/home/lg08/main/data/standard_collective/PV01_325208_1204230.bmp,1
/home/lg08/main/data/standard_collective/PV01_325206_1204175.bmp,1
/home/lg08/main/data/standard_collective/CFabR-48265.jpg,0
/home/lg08/main/data/standard_collective/DWaBL-21599.jpg,0
/home/lg08/main/data/standard_collective/bgtML-88548.jpg,0
/home/lg08/main/data/standard_collective/cMHGq-65166.jpg,0
/home/lg08/main/data/standard_collective/PV01_325122_1203840.bmp,1
/home/lg08/main/data/standard_collective/PV01_325239_1203816.bmp,1
/home/lg08/main/data/standard_collective/asAIp-34285.jpg,0
/home/lg08/main/data/standard_collective/PV01_325224_1204202.bmp,1
/home/lg08/main/data/standard_collective/PV01_325376_1205533.bmp,1
/home/lg08/main/data/standard_collective/PV01_325125_1204226.bmp,1
/home/lg08/main/data/standard_collective/PV01_325141_1204235.bmp,1
/home/lg08/main/data/standard_collective/PV01_325333_1205383.bmp,1
/home/lg08/main/data/standard_collective/PV01_325316_1205508.bmp,1
/home/lg08/main/data/standard_collective/BOkwk-97125.jpg,0
/home/lg08/main/data/standard_collective/PV01_325127_1204235.bmp,1
/home/lg08/main/data/standard_collective/bMDPN-21600.jpg,0
/home/lg08/main/data/standard_collective/PV01_325125_1204237.bmp,1
/home/lg08/main/data/standard_collective/PV01_325220_1204181.bmp,1
/home/lg08/main/data/standard_collective/PV01_325148_1204240.bmp,1
/home/lg08/main/data/standard_collective/PV01_325208_1204186.bmp,1
/home/lg08/main/data/standard_collective/PV01_325211_1204167.bmp,1
/home/lg08/main/data/standard_collective/abamf-88762.jpg,0
/home/lg08/main/data/standard_collective/cJUKA-81308.jpg,0
/home/lg08/main/data/standard_collective/PV01_325195_1204167.bmp,1
/home/lg08/main/data/standard_collective/EImCu-12505.jpg,0
/home/lg08/main/data/standard_collective/PV01_325141_1204229.bmp,1
/home/lg08/main/data/standard_collective/PV01_325204_1204183.bmp,1
/home/lg08/main/data/standard_collective/AjOke-97953.jpg,0
/home/lg08/main/data/standard_collective/AfXmq-43566.jpg,0
/home/lg08/main/data/standard_collective/PV01_325204_1204178.bmp,1
/home/lg08/main/data/standard_collective/AmMjc-69267.jpg,0
/home/lg08/main/data/standard_collective/PV01_325358_1205533.bmp,1
/home/lg08/main/data/standard_collective/ENxvg-69841.jpg,0
/home/lg08/main/data/standard_collective/PV01_325190_1204164.bmp,1
/home/lg08/main/data/standard_collective/faIzm-44579.jpg,0
/home/lg08/main/data/standard_collective/egRHI-70125.jpg,0
/home/lg08/main/data/standard_collective/PV01_325204_1204181.bmp,1
/home/lg08/main/data/standard_collective/EfQen-51925.jpg,0
/home/lg08/main/data/standard_collective/PV01_325365_1205525.bmp,1
/home/lg08/main/data/standard_collective/ElvcW-98709.jpg,0
/home/lg08/main/data/standard_collective/EeLVy-71099.jpg,0
/home/lg08/main/data/standard_collective/PV01_325194_1204240.bmp,1
/home/lg08/main/data/standard_collective/PV01_325367_1205530.bmp,1
/home/lg08/main/data/standard_collective/PV01_325120_1204226.bmp,1
/home/lg08/main/data/standard_collective/deGlY-86941.jpg,0
/home/lg08/main/data/standard_collective/PV01_325348_1203797.bmp,1
/home/lg08/main/data/standard_collective/PV01_325332_1205378.bmp,1
/home/lg08/main/data/standard_collective/BIVTX-28302.jpg,0
/home/lg08/main/data/standard_collective/PV01_325374_1205525.bmp,1
/home/lg08/main/data/standard_collective/dApSw-45177.jpg,0
/home/lg08/main/data/standard_collective/PV01_325206_1204148.bmp,1
/home/lg08/main/data/standard_collective/PV01_325141_1204227.bmp,1
/home/lg08/main/data/standard_collective/FciXi-19832.jpg,0
/home/lg08/main/data/standard_collective/bPAsg-95386.jpg,0
/home/lg08/main/data/standard_collective/CiCZt-85654.jpg,0
/home/lg08/main/data/standard_collective/PV01_325215_1204189.bmp,1
/home/lg08/main/data/standard_collective/AZaSF-46651.jpg,0
/home/lg08/main/data/standard_collective/DaDBX-42924.jpg,0
/home/lg08/main/data/standard_collective/PV01_325319_1205511.bmp,1
/home/lg08/main/data/standard_collective/evKiZ-45269.jpg,0
/home/lg08/main/data/standard_collective/PV01_325588_1204556.bmp,1
/home/lg08/main/data/standard_collective/cIWgK-60083.jpg,0
/home/lg08/main/data/standard_collective/dHpSG-86168.jpg,0
/home/lg08/main/data/standard_collective/PV01_325360_1205525.bmp,1
/home/lg08/main/data/standard_collective/AHYFQ-83497.jpg,0
/home/lg08/main/data/standard_collective/PV01_325581_1204561.bmp,1
/home/lg08/main/data/standard_collective/cbsYJ-86135.jpg,0
/home/lg08/main/data/standard_collective/fGLkN-20543.jpg,0
/home/lg08/main/data/standard_collective/fEgMR-68795.jpg,0
/home/lg08/main/data/standard_collective/PV01_325565_1204534.bmp,1
/home/lg08/main/data/standard_collective/drNDu-81993.jpg,0
/home/lg08/main/data/standard_collective/BoPVH-37838.jpg,0
/home/lg08/main/data/standard_collective/PV01_325414_1205351.bmp,1
/home/lg08/main/data/standard_collective/PV01_325120_1204232.bmp,1
/home/lg08/main/data/standard_collective/dtpAj-85595.jpg,0
/home/lg08/main/data/standard_collective/PV01_325131_1203826.bmp,1
/home/lg08/main/data/standard_collective/PV01_325208_1204172.bmp,1
/home/lg08/main/data/standard_collective/eqhBf-62232.jpg,0
/home/lg08/main/data/standard_collective/awLJI-81943.jpg,0
/home/lg08/main/data/standard_collective/PV01_325146_1204232.bmp,1
/home/lg08/main/data/standard_collective/BFyLp-47413.jpg,0
/home/lg08/main/data/standard_collective/adTPN-91151.jpg,0
/home/lg08/main/data/standard_collective/DAOzZ-59522.jpg,0
/home/lg08/main/data/standard_collective/PV01_325415_1203778.bmp,1
/home/lg08/main/data/standard_collective/PV01_325173_1203753.bmp,1
/home/lg08/main/data/standard_collective/PV01_325558_1204596.bmp,1
/home/lg08/main/data/standard_collective/FgPqY-46184.jpg,0
/home/lg08/main/data/standard_collective/PV01_325364_1203808.bmp,1
/home/lg08/main/data/standard_collective/PV01_325414_1205362.bmp,1
/home/lg08/main/data/standard_collective/PV01_325220_1204197.bmp,1
/home/lg08/main/data/standard_collective/PV01_325555_1204580.bmp,1
/home/lg08/main/data/standard_collective/PV01_325222_1204202.bmp,1
/home/lg08/main/data/standard_collective/caxnK-77022.jpg,0
/home/lg08/main/data/standard_collective/aGpdv-73429.jpg,0
/home/lg08/main/data/standard_collective/PV01_325197_1204170.bmp,1
/home/lg08/main/data/standard_collective/dgxjR-23022.jpg,0
/home/lg08/main/data/standard_collective/FEkXs-96511.jpg,0
/home/lg08/main/data/standard_collective/eFrzC-75196.jpg,0
/home/lg08/main/data/standard_collective/AgFCS-33717.jpg,0
/home/lg08/main/data/standard_collective/PV01_325201_1204156.bmp,1
/home/lg08/main/data/standard_collective/PV01_325356_1205367.bmp,1
/home/lg08/main/data/standard_collective/PV01_325137_1204224.bmp,1
/home/lg08/main/data/standard_collective/AiTcq-78750.jpg,0
/home/lg08/main/data/standard_collective/PV01_325122_1203845.bmp,1
/home/lg08/main/data/standard_collective/DnXKa-74974.jpg,0
/home/lg08/main/data/standard_collective/PV01_325431_1203811.bmp,1
/home/lg08/main/data/standard_collective/ePiyD-54894.jpg,0
/home/lg08/main/data/standard_collective/PV01_325602_1203757.bmp,1
/home/lg08/main/data/standard_collective/dQXVy-97335.jpg,0
/home/lg08/main/data/standard_collective/PV01_325331_1205369.bmp,1
/home/lg08/main/data/standard_collective/dSLQi-34750.jpg,0
/home/lg08/main/data/standard_collective/cjFId-79675.jpg,0
/home/lg08/main/data/standard_collective/PV01_325148_1204235.bmp,1
/home/lg08/main/data/standard_collective/aYZYC-44721.jpg,0
/home/lg08/main/data/standard_collective/PV01_325217_1204200.bmp,1
/home/lg08/main/data/standard_collective/AvQkg-11260.jpg,0
/home/lg08/main/data/standard_collective/DEITh-89703.jpg,0
/home/lg08/main/data/standard_collective/DaFFM-30663.jpg,0
/home/lg08/main/data/standard_collective/PV01_325134_1204227.bmp,1
/home/lg08/main/data/standard_collective/CfgVG-34071.jpg,0
/home/lg08/main/data/standard_collective/PV01_325190_1204159.bmp,1
/home/lg08/main/data/standard_collective/Fbbfe-92695.jpg,0
/home/lg08/main/data/standard_collective/dSjRY-94493.jpg,0
/home/lg08/main/data/standard_collective/PV01_325188_1204164.bmp,1
/home/lg08/main/data/standard_collective/EptLY-78890.jpg,0
/home/lg08/main/data/standard_collective/ccwvG-49805.jpg,0
/home/lg08/main/data/standard_collective/eEcHS-78211.jpg,0
/home/lg08/main/data/standard_collective/eMCEF-72107.jpg,0
/home/lg08/main/data/standard_collective/PV01_325359_1205358.bmp,1
/home/lg08/main/data/standard_collective/DTPAU-88212.jpg,0
/home/lg08/main/data/standard_collective/PV01_325324_1205377.bmp,1
/home/lg08/main/data/standard_collective/PV01_325220_1204194.bmp,1
/home/lg08/main/data/standard_collective/elxzf-37717.jpg,0
/home/lg08/main/data/standard_collective/FbqvE-38103.jpg,0
/home/lg08/main/data/standard_collective/PV01_325356_1205356.bmp,1
/home/lg08/main/data/standard_collective/edAsn-87407.jpg,0
/home/lg08/main/data/standard_collective/FefLd-90917.jpg,0
/home/lg08/main/data/standard_collective/AFwXL-18148.jpg,0
/home/lg08/main/data/standard_collective/PV01_325217_1204202.bmp,1
/home/lg08/main/data/standard_collective/Bnkaq-62433.jpg,0
/home/lg08/main/data/standard_collective/BpvoT-37523.jpg,0
/home/lg08/main/data/standard_collective/DhfwU-24694.jpg,0
/home/lg08/main/data/standard_collective/AAqXO-28622.jpg,0
/home/lg08/main/data/standard_collective/ESebi-88542.jpg,0
/home/lg08/main/data/standard_collective/dPhwa-84864.jpg,0
/home/lg08/main/data/standard_collective/FBZhi-32304.jpg,0
/home/lg08/main/data/standard_collective/PV01_325321_1205383.bmp,1
/home/lg08/main/data/standard_collective/PV01_325574_1204561.bmp,1
/home/lg08/main/data/standard_collective/BakWH-95793.jpg,0
/home/lg08/main/data/standard_collective/PV01_325199_1204164.bmp,1
/home/lg08/main/data/standard_collective/bXcjH-90023.jpg,0
/home/lg08/main/data/standard_collective/aKyLI-81208.jpg,0
/home/lg08/main/data/standard_collective/dPtGK-46614.jpg,0
/home/lg08/main/data/standard_collective/PV01_325201_1204161.bmp,1
/home/lg08/main/data/standard_collective/BhriY-12174.jpg,0
/home/lg08/main/data/standard_collective/FETAc-17060.jpg,0
/home/lg08/main/data/standard_collective/EilBq-28835.jpg,0
/home/lg08/main/data/standard_collective/PV01_325338_1205372.bmp,1
/home/lg08/main/data/standard_collective/PV01_325371_1203805.bmp,1
/home/lg08/main/data/standard_collective/PV01_325421_1205356.bmp,1
/home/lg08/main/data/standard_collective/CchQc-31848.jpg,0
/home/lg08/main/data/standard_collective/PV01_325359_1205356.bmp,1
/home/lg08/main/data/standard_collective/PV01_325328_1205377.bmp,1
/home/lg08/main/data/standard_collective/AaEQi-69095.jpg,0
/home/lg08/main/data/standard_collective/EqSXi-73694.jpg,0
/home/lg08/main/data/standard_collective/PV01_325141_1204240.bmp,1
/home/lg08/main/data/standard_collective/eKSEl-17169.jpg,0
/home/lg08/main/data/standard_collective/EZZWt-29603.jpg,0
/home/lg08/main/data/standard_collective/PV01_325208_1204235.bmp,1
/home/lg08/main/data/standard_collective/bEEqJ-29296.jpg,0
/home/lg08/main/data/standard_collective/PV01_325127_1204232.bmp,1
/home/lg08/main/data/standard_collective/domiR-84718.jpg,0
/home/lg08/main/data/standard_collective/PV01_325144_1204232.bmp,1
/home/lg08/main/data/standard_collective/bKxtf-78393.jpg,0
/home/lg08/main/data/standard_collective/PV01_325595_1204558.bmp,1
/home/lg08/main/data/standard_collective/PV01_325363_1205361.bmp,1
/home/lg08/main/data/standard_collective/DlMju-88997.jpg,0
/home/lg08/main/data/standard_collective/PV01_325421_1205351.bmp,1
/home/lg08/main/data/standard_collective/DlwtL-31933.jpg,0
/home/lg08/main/data/standard_collective/PV01_325418_1205367.bmp,1
/home/lg08/main/data/standard_collective/cLzWV-43022.jpg,0
/home/lg08/main/data/standard_collective/dYPCp-56691.jpg,0
/home/lg08/main/data/standard_collective/PV01_325190_1204240.bmp,1
/home/lg08/main/data/standard_collective/buTMD-18801.jpg,0
/home/lg08/main/data/standard_collective/PV01_325224_1204197.bmp,1
/home/lg08/main/data/standard_collective/bdYnx-48344.jpg,0
/home/lg08/main/data/standard_collective/DetKg-70982.jpg,0
/home/lg08/main/data/standard_collective/AEDhJ-66391.jpg,0
/home/lg08/main/data/standard_collective/DsMMO-55760.jpg,0
/home/lg08/main/data/standard_collective/aCQcN-51112.jpg,0
/home/lg08/main/data/standard_collective/AGrPC-25436.jpg,0
/home/lg08/main/data/standard_collective/PV01_325201_1204178.bmp,1
/home/lg08/main/data/standard_collective/PV01_325572_1204542.bmp,1
/home/lg08/main/data/standard_collective/PV01_325120_1204229.bmp,1
/home/lg08/main/data/standard_collective/PV01_325134_1204246.bmp,1
/home/lg08/main/data/standard_collective/DEwQi-36744.jpg,0
/home/lg08/main/data/standard_collective/PV01_325466_1203781.bmp,1
/home/lg08/main/data/standard_collective/PV01_325133_1203826.bmp,1
/home/lg08/main/data/standard_collective/PV01_325338_1205380.bmp,1
/home/lg08/main/data/standard_collective/cVqXi-64961.jpg,0
/home/lg08/main/data/standard_collective/Azifj-65144.jpg,0
/home/lg08/main/data/standard_collective/PV01_325206_1204156.bmp,1
/home/lg08/main/data/standard_collective/PV01_325290_1203848.bmp,1
/home/lg08/main/data/standard_collective/PV01_325361_1205364.bmp,1
/home/lg08/main/data/standard_collective/BkZCK-71145.jpg,0
/home/lg08/main/data/standard_collective/akmkB-64046.jpg,0
/home/lg08/main/data/standard_collective/PV01_325362_1205527.bmp,1
/home/lg08/main/data/standard_collective/PV01_325279_1203778.bmp,1
/home/lg08/main/data/standard_collective/PV01_325435_1204699.bmp,1
/home/lg08/main/data/standard_collective/PV01_325418_1205370.bmp,1
/home/lg08/main/data/standard_collective/CkUDz-36026.jpg,0
/home/lg08/main/data/standard_collective/EFHWe-74793.jpg,0
/home/lg08/main/data/standard_collective/PV01_325123_1204237.bmp,1
/home/lg08/main/data/standard_collective/eiNbw-62637.jpg,0
/home/lg08/main/data/standard_collective/cfEAc-34917.jpg,0
/home/lg08/main/data/standard_collective/PV01_325192_1204161.bmp,1
/home/lg08/main/data/standard_collective/PV01_325123_1204232.bmp,1
/home/lg08/main/data/standard_collective/PV01_325222_1204200.bmp,1
/home/lg08/main/data/standard_collective/bKBSt-91986.jpg,0
/home/lg08/main/data/standard_collective/PV01_325119_1204074.bmp,1
/home/lg08/main/data/standard_collective/cdYRD-55317.jpg,0
/home/lg08/main/data/standard_collective/PV01_325137_1204235.bmp,1
/home/lg08/main/data/standard_collective/BnpFf-43803.jpg,0
/home/lg08/main/data/standard_collective/PV01_325319_1205372.bmp,1
/home/lg08/main/data/standard_collective/AXbfu-37666.jpg,0
/home/lg08/main/data/standard_collective/ccpyd-46484.jpg,0
/home/lg08/main/data/standard_collective/AEFLN-56554.jpg,0
/home/lg08/main/data/standard_collective/PV01_325132_1204237.bmp,1
/home/lg08/main/data/standard_collective/PV01_325141_1204237.bmp,1
/home/lg08/main/data/standard_collective/bnQmj-45828.jpg,0
/home/lg08/main/data/standard_collective/PV01_325190_1204161.bmp,1
/home/lg08/main/data/standard_collective/dKySr-88281.jpg,0
/home/lg08/main/data/standard_collective/ckBFo-62379.jpg,0
/home/lg08/main/data/standard_collective/ESbSf-71255.jpg,0
/home/lg08/main/data/standard_collective/PV01_325130_1204254.bmp,1
/home/lg08/main/data/standard_collective/atUhT-60546.jpg,0
/home/lg08/main/data/standard_collective/PV01_325535_1203833.bmp,1
/home/lg08/main/data/standard_collective/PV01_325192_1204170.bmp,1
/home/lg08/main/data/standard_collective/cZfXF-16230.jpg,0
/home/lg08/main/data/standard_collective/PV01_325199_1204170.bmp,1
/home/lg08/main/data/standard_collective/PV01_325372_1205522.bmp,1
/home/lg08/main/data/standard_collective/dGKcj-45355.jpg,0
/home/lg08/main/data/standard_collective/bJArF-35427.jpg,0
/home/lg08/main/data/standard_collective/bbtEG-82162.jpg,0
/home/lg08/main/data/standard_collective/DtYxM-97352.jpg,0
/home/lg08/main/data/standard_collective/BmWmB-81826.jpg,0
/home/lg08/main/data/standard_collective/PV01_325146_1204246.bmp,1
/home/lg08/main/data/standard_collective/PV01_325574_1204564.bmp,1
/home/lg08/main/data/standard_collective/Durjk-89984.jpg,0
/home/lg08/main/data/standard_collective/PV01_325213_1204170.bmp,1
/home/lg08/main/data/standard_collective/PV01_325146_1204224.bmp,1
/home/lg08/main/data/standard_collective/CTuNT-85338.jpg,0
/home/lg08/main/data/standard_collective/PV01_325412_1205367.bmp,1
/home/lg08/main/data/standard_collective/erAit-77225.jpg,0
/home/lg08/main/data/standard_collective/PV01_325228_1203848.bmp,1
/home/lg08/main/data/standard_collective/fCIcS-66269.jpg,0
/home/lg08/main/data/standard_collective/PV01_325419_1205359.bmp,1
/home/lg08/main/data/standard_collective/PV01_325328_1205380.bmp,1
/home/lg08/main/data/standard_collective/FCZZk-36394.jpg,0
/home/lg08/main/data/standard_collective/PV01_325423_1205359.bmp,1
/home/lg08/main/data/standard_collective/aYZiw-42924.jpg,0
/home/lg08/main/data/standard_collective/PV01_325583_1204561.bmp,1
/home/lg08/main/data/standard_collective/BzwFV-69400.jpg,0
/home/lg08/main/data/standard_collective/AeBVu-42778.jpg,0
/home/lg08/main/data/standard_collective/EfuLI-78996.jpg,0
/home/lg08/main/data/standard_collective/dOijF-25300.jpg,0
/home/lg08/main/data/standard_collective/ARKdN-25874.jpg,0
/home/lg08/main/data/standard_collective/CEXUP-97015.jpg,0
/home/lg08/main/data/standard_collective/PV01_325362_1205522.bmp,1
/home/lg08/main/data/standard_collective/PV01_325132_1204243.bmp,1
/home/lg08/main/data/standard_collective/PV01_325399_1203797.bmp,1
/home/lg08/main/data/standard_collective/DezZX-95552.jpg,0
/home/lg08/main/data/standard_collective/DcApt-90035.jpg,0
/home/lg08/main/data/standard_collective/PV01_325197_1204161.bmp,1
/home/lg08/main/data/standard_collective/ezKec-42874.jpg,0
/home/lg08/main/data/standard_collective/PV01_325337_1203789.bmp,1
/home/lg08/main/data/standard_collective/ckgzO-71525.jpg,0
/home/lg08/main/data/standard_collective/Dkbkg-51543.jpg,0
/home/lg08/main/data/standard_collective/Bevbb-65034.jpg,0
/home/lg08/main/data/standard_collective/PV01_325218_1204191.bmp,1
/home/lg08/main/data/standard_collective/bpgcY-26458.jpg,0
/home/lg08/main/data/standard_collective/PV01_325137_1204229.bmp,1
/home/lg08/main/data/standard_collective/ALNOr-69976.jpg,0
/home/lg08/main/data/standard_collective/PV01_325423_1205356.bmp,1
/home/lg08/main/data/standard_collective/PV01_325213_1204200.bmp,1
/home/lg08/main/data/standard_collective/EPLVI-86196.jpg,0
/home/lg08/main/data/standard_collective/DRRgR-50934.jpg,0
/home/lg08/main/data/standard_collective/BekEZ-89807.jpg,0
/home/lg08/main/data/standard_collective/BMXNu-37376.jpg,0
/home/lg08/main/data/standard_collective/FAlgb-88449.jpg,0
/home/lg08/main/data/standard_collective/PV01_325208_1204175.bmp,1
/home/lg08/main/data/standard_collective/BbKdH-33452.jpg,0
/home/lg08/main/data/standard_collective/PV01_325365_1205367.bmp,1
/home/lg08/main/data/standard_collective/PV01_325419_1205353.bmp,1
/home/lg08/main/data/standard_collective/PV01_325120_1203763.bmp,1
/home/lg08/main/data/standard_collective/PV01_325195_1204153.bmp,1
/home/lg08/main/data/standard_collective/PV01_325132_1204227.bmp,1
/home/lg08/main/data/standard_collective/eBqJj-76722.jpg,0
/home/lg08/main/data/standard_collective/CfLAM-44430.jpg,0
/home/lg08/main/data/standard_collective/PV01_325331_1205383.bmp,1
/home/lg08/main/data/standard_collective/PV01_325412_1205370.bmp,1
/home/lg08/main/data/standard_collective/PV01_325190_1204156.bmp,1
/home/lg08/main/data/standard_collective/PV01_325194_1204246.bmp,1
/home/lg08/main/data/standard_collective/aJiyv-78670.jpg,0
/home/lg08/main/data/standard_collective/AaTgN-63915.jpg,0
/home/lg08/main/data/standard_collective/aiNKb-14562.jpg,0
/home/lg08/main/data/standard_collective/BcMcW-46880.jpg,0
/home/lg08/main/data/standard_collective/APaxj-36396.jpg,0
/home/lg08/main/data/standard_collective/PV01_325374_1205530.bmp,1
/home/lg08/main/data/standard_collective/CbCMf-62979.jpg,0
/home/lg08/main/data/standard_collective/PV01_325500_1203825.bmp,1
/home/lg08/main/data/standard_collective/aNoKP-45627.jpg,0
/home/lg08/main/data/standard_collective/PV01_325197_1204251.bmp,1
/home/lg08/main/data/standard_collective/PV01_325188_1204167.bmp,1
/home/lg08/main/data/standard_collective/BHHwu-48410.jpg,0
/home/lg08/main/data/standard_collective/PV01_325146_1204227.bmp,1
/home/lg08/main/data/standard_collective/BvXzC-82245.jpg,0
/home/lg08/main/data/standard_collective/PV01_325333_1205377.bmp,1
/home/lg08/main/data/standard_collective/PV01_325217_1204205.bmp,1
/home/lg08/main/data/standard_collective/dYeiC-40859.jpg,0
/home/lg08/main/data/standard_collective/PV01_325201_1204151.bmp,1
/home/lg08/main/data/standard_collective/fdigm-63471.jpg,0
/home/lg08/main/data/standard_collective/PV01_325141_1204246.bmp,1
/home/lg08/main/data/standard_collective/PV01_325595_1204556.bmp,1
/home/lg08/main/data/standard_collective/PV01_325372_1205528.bmp,1
/home/lg08/main/data/standard_collective/DotrE-71201.jpg,0
/home/lg08/main/data/standard_collective/Ezgia-84147.jpg,0
/home/lg08/main/data/standard_collective/PV01_325208_1204156.bmp,1
/home/lg08/main/data/standard_collective/EulJB-76982.jpg,0
/home/lg08/main/data/standard_collective/PV01_325130_1204237.bmp,1
/home/lg08/main/data/standard_collective/EugNX-66933.jpg,0
/home/lg08/main/data/standard_collective/PV01_325599_1204542.bmp,1
/home/lg08/main/data/standard_collective/PV01_325132_1204232.bmp,1
/home/lg08/main/data/standard_collective/PV01_325397_1203797.bmp,1
/home/lg08/main/data/standard_collective/bABbM-89811.jpg,0
/home/lg08/main/data/standard_collective/PV01_325218_1204186.bmp,1
/home/lg08/main/data/standard_collective/CUddU-83257.jpg,0
/home/lg08/main/data/standard_collective/ErKTo-76844.jpg,0
/home/lg08/main/data/standard_collective/PV01_325190_1204167.bmp,1
/home/lg08/main/data/standard_collective/PV01_325399_1203754.bmp,1
/home/lg08/main/data/standard_collective/PV01_325146_1204243.bmp,1
/home/lg08/main/data/standard_collective/PV01_325333_1205380.bmp,1
/home/lg08/main/data/standard_collective/aPCmD-48686.jpg,0
/home/lg08/main/data/standard_collective/PV01_325356_1205353.bmp,1
/home/lg08/main/data/standard_collective/dfSnj-85796.jpg,0
/home/lg08/main/data/standard_collective/PV01_325199_1204178.bmp,1
/home/lg08/main/data/standard_collective/PV01_325211_1204170.bmp,1
/home/lg08/main/data/standard_collective/PV01_325590_1204548.bmp,1
/home/lg08/main/data/standard_collective/dNaOC-78679.jpg,0
/home/lg08/main/data/standard_collective/PV01_325213_1204205.bmp,1
/home/lg08/main/data/standard_collective/bbVxL-79969.jpg,0
/home/lg08/main/data/standard_collective/PV01_325127_1204254.bmp,1
/home/lg08/main/data/standard_collective/PV01_325565_1204537.bmp,1
/home/lg08/main/data/standard_collective/PV01_325139_1204232.bmp,1
/home/lg08/main/data/standard_collective/PV01_325322_1205372.bmp,1
/home/lg08/main/data/standard_collective/PV01_325220_1204186.bmp,1
/home/lg08/main/data/standard_collective/PV01_325416_1205367.bmp,1
/home/lg08/main/data/standard_collective/CnZuw-58813.jpg,0
/home/lg08/main/data/standard_collective/PV01_325367_1205522.bmp,1
/home/lg08/main/data/standard_collective/BFfBj-13379.jpg,0
/home/lg08/main/data/standard_collective/CDQxP-50516.jpg,0
/home/lg08/main/data/standard_collective/bgWVP-62747.jpg,0
/home/lg08/main/data/standard_collective/PV01_324951_1203795.bmp,1
/home/lg08/main/data/standard_collective/DeuoB-16450.jpg,0
/home/lg08/main/data/standard_collective/eCAxt-19779.jpg,0
/home/lg08/main/data/standard_collective/PV01_325355_1205530.bmp,1
/home/lg08/main/data/standard_collective/PV01_325367_1205528.bmp,1
/home/lg08/main/data/standard_collective/BLjLC-34516.jpg,0
/home/lg08/main/data/standard_collective/ADsyq-96340.jpg,0
/home/lg08/main/data/standard_collective/adYdl-77256.jpg,0
/home/lg08/main/data/standard_collective/cUCCW-86481.jpg,0
/home/lg08/main/data/standard_collective/ebvTY-44638.jpg,0
/home/lg08/main/data/standard_collective/PV01_325215_1204197.bmp,1
/home/lg08/main/data/standard_collective/PV01_325206_1204153.bmp,1
/home/lg08/main/data/standard_collective/PV01_325412_1205359.bmp,1
/home/lg08/main/data/standard_collective/PV01_325123_1204240.bmp,1
/home/lg08/main/data/standard_collective/BfyQy-36362.jpg,0
/home/lg08/main/data/standard_collective/PV01_325602_1204545.bmp,1
/home/lg08/main/data/standard_collective/PV01_325416_1205370.bmp,1
/home/lg08/main/data/standard_collective/PV01_325338_1205369.bmp,1
/home/lg08/main/data/standard_collective/aQSDR-77370.jpg,0
/home/lg08/main/data/standard_collective/Boial-40561.jpg,0
/home/lg08/main/data/standard_collective/PV01_325206_1204159.bmp,1
/home/lg08/main/data/standard_collective/cptCr-95173.jpg,0
/home/lg08/main/data/standard_collective/PV01_325131_1203823.bmp,1
/home/lg08/main/data/standard_collective/dsKyH-93279.jpg,0
/home/lg08/main/data/standard_collective/PV01_325326_1205375.bmp,1
/home/lg08/main/data/standard_collective/PV01_325194_1204243.bmp,1
/home/lg08/main/data/standard_collective/PV01_325208_1204189.bmp,1
/home/lg08/main/data/standard_collective/AhXZr-44756.jpg,0
/home/lg08/main/data/standard_collective/PV01_325197_1204153.bmp,1
/home/lg08/main/data/standard_collective/cDYsT-78717.jpg,0
/home/lg08/main/data/standard_collective/fCJFJ-71777.jpg,0
/home/lg08/main/data/standard_collective/BMydC-34921.jpg,0
/home/lg08/main/data/standard_collective/ByasP-59985.jpg,0
/home/lg08/main/data/standard_collective/PV01_325333_1205369.bmp,1
/home/lg08/main/data/standard_collective/PV01_325360_1205533.bmp,1
/home/lg08/main/data/standard_collective/PV01_325583_1204531.bmp,1
/home/lg08/main/data/standard_collective/PV01_325331_1205375.bmp,1
/home/lg08/main/data/standard_collective/PV01_325338_1205383.bmp,1
/home/lg08/main/data/standard_collective/cndzD-89257.jpg,0
/home/lg08/main/data/standard_collective/DdZDA-62578.jpg,0
/home/lg08/main/data/standard_collective/PV01_325603_1204545.bmp,1
/home/lg08/main/data/standard_collective/PV01_325211_1204197.bmp,1
/home/lg08/main/data/standard_collective/PV01_325321_1205377.bmp,1
/home/lg08/main/data/standard_collective/PV01_325412_1205356.bmp,1
/home/lg08/main/data/standard_collective/PV01_325130_1204227.bmp,1
/home/lg08/main/data/standard_collective/PV01_325365_1205359.bmp,1
/home/lg08/main/data/standard_collective/PV01_325319_1205383.bmp,1
/home/lg08/main/data/standard_collective/aUSsK-78800.jpg,0
/home/lg08/main/data/standard_collective/PV01_325421_1205359.bmp,1
/home/lg08/main/data/standard_collective/CCeuV-99815.jpg,0
/home/lg08/main/data/standard_collective/PV01_325127_1204243.bmp,1
/home/lg08/main/data/standard_collective/PV01_325363_1205356.bmp,1
/home/lg08/main/data/standard_collective/btIzw-28355.jpg,0
/home/lg08/main/data/standard_collective/AMsJi-97021.jpg,0
/home/lg08/main/data/standard_collective/PV01_325572_1204547.bmp,1
/home/lg08/main/data/standard_collective/CosAg-72137.jpg,0
/home/lg08/main/data/standard_collective/PV01_325213_1204183.bmp,1
/home/lg08/main/data/standard_collective/CCnHp-34634.jpg,0
/home/lg08/main/data/standard_collective/BzyKG-90711.jpg,0
/home/lg08/main/data/standard_collective/PV01_325335_1205383.bmp,1
/home/lg08/main/data/standard_collective/dKNNp-64206.jpg,0
/home/lg08/main/data/standard_collective/dJjBp-10520.jpg,0
/home/lg08/main/data/standard_collective/elPHp-17941.jpg,0
/home/lg08/main/data/standard_collective/epIMn-31866.jpg,0
/home/lg08/main/data/standard_collective/PV01_325376_1205522.bmp,1
/home/lg08/main/data/standard_collective/PV01_325328_1205372.bmp,1
/home/lg08/main/data/standard_collective/PV01_325290_1203775.bmp,1
/home/lg08/main/data/standard_collective/DhMOl-49491.jpg,0
/home/lg08/main/data/standard_collective/PV01_325201_1204172.bmp,1
/home/lg08/main/data/standard_collective/ezEra-40245.jpg,0
/home/lg08/main/data/standard_collective/PV01_325602_1204602.bmp,1
/home/lg08/main/data/standard_collective/PV01_325326_1205380.bmp,1
/home/lg08/main/data/standard_collective/PV01_325595_1204561.bmp,1
/home/lg08/main/data/standard_collective/PV01_325204_1204151.bmp,1
/home/lg08/main/data/standard_collective/ejlqn-73500.jpg,0
/home/lg08/main/data/standard_collective/PV01_325409_1205351.bmp,1
/home/lg08/main/data/standard_collective/PV01_325123_1204229.bmp,1
/home/lg08/main/data/standard_collective/PV01_325192_1204153.bmp,1
/home/lg08/main/data/standard_collective/fFqVH-94455.jpg,0
/home/lg08/main/data/standard_collective/PV01_325127_1204226.bmp,1
/home/lg08/main/data/standard_collective/PV01_325208_1204161.bmp,1
/home/lg08/main/data/standard_collective/BFBrI-73210.jpg,0
/home/lg08/main/data/standard_collective/PV01_325321_1205489.bmp,1
/home/lg08/main/data/standard_collective/PV01_325132_1204251.bmp,1
/home/lg08/main/data/standard_collective/dAcPM-24234.jpg,0
/home/lg08/main/data/standard_collective/PV01_325360_1203794.bmp,1
/home/lg08/main/data/standard_collective/cxfDj-71758.jpg,0
/home/lg08/main/data/standard_collective/PV01_325201_1204175.bmp,1
/home/lg08/main/data/standard_collective/PV01_325360_1205527.bmp,1
/home/lg08/main/data/standard_collective/PV01_325201_1204183.bmp,1
/home/lg08/main/data/standard_collective/PV01_325220_1204183.bmp,1
/home/lg08/main/data/standard_collective/PV01_325494_1203754.bmp,1
/home/lg08/main/data/standard_collective/BFOIU-13969.jpg,0
/home/lg08/main/data/standard_collective/PV01_325125_1204224.bmp,1
/home/lg08/main/data/standard_collective/PV01_325130_1204229.bmp,1
/home/lg08/main/data/standard_collective/PV01_325599_1204548.bmp,1
/home/lg08/main/data/standard_collective/PV01_325572_1204539.bmp,1
/home/lg08/main/data/standard_collective/PV01_325357_1203797.bmp,1
/home/lg08/main/data/standard_collective/DhJys-10177.jpg,0
/home/lg08/main/data/standard_collective/PV01_325602_1204599.bmp,1
/home/lg08/main/data/standard_collective/PV01_325122_1203834.bmp,1
/home/lg08/main/data/standard_collective/PV01_325363_1205367.bmp,1
/home/lg08/main/data/standard_collective/Cxqnw-45434.jpg,0
/home/lg08/main/data/standard_collective/fcuEk-81971.jpg,0
/home/lg08/main/data/standard_collective/CgnAA-43878.jpg,0
/home/lg08/main/data/standard_collective/PV01_325211_1204178.bmp,1
/home/lg08/main/data/standard_collective/EtJKI-13088.jpg,0
/home/lg08/main/data/standard_collective/dILEm-78610.jpg,0
/home/lg08/main/data/standard_collective/PV01_325423_1205353.bmp,1
/home/lg08/main/data/standard_collective/PV01_325361_1205356.bmp,1
/home/lg08/main/data/standard_collective/PV01_324972_1203798.bmp,1
/home/lg08/main/data/standard_collective/dHpPz-14973.jpg,0
/home/lg08/main/data/standard_collective/aklNS-58040.jpg,0
/home/lg08/main/data/standard_collective/Aqvdj-31723.jpg,0
/home/lg08/main/data/standard_collective/PV01_325224_1204194.bmp,1
/home/lg08/main/data/standard_collective/PV01_325337_1203791.bmp,1
/home/lg08/main/data/standard_collective/PV01_325335_1205380.bmp,1
/home/lg08/main/data/standard_collective/EmSmw-93073.jpg,0
/home/lg08/main/data/standard_collective/aYVcp-54670.jpg,0
/home/lg08/main/data/standard_collective/dXTIP-40619.jpg,0
/home/lg08/main/data/standard_collective/PV01_325317_1205372.bmp,1
/home/lg08/main/data/standard_collective/PV01_325134_1204229.bmp,1
/home/lg08/main/data/standard_collective/PV01_325227_1204192.bmp,1
/home/lg08/main/data/standard_collective/PV01_325143_1204237.bmp,1
/home/lg08/main/data/standard_collective/PV01_325602_1203760.bmp,1
/home/lg08/main/data/standard_collective/PV01_325314_1205508.bmp,1
/home/lg08/main/data/standard_collective/AiEGO-12014.jpg,0
/home/lg08/main/data/standard_collective/evAHN-79307.jpg,0
/home/lg08/main/data/standard_collective/PV01_325192_1204251.bmp,1
/home/lg08/main/data/standard_collective/CrCTM-77543.jpg,0
/home/lg08/main/data/standard_collective/atCUY-18874.jpg,0
/home/lg08/main/data/standard_collective/ephMJ-70687.jpg,0
/home/lg08/main/data/standard_collective/PV01_325204_1204159.bmp,1
/home/lg08/main/data/standard_collective/drwZl-58334.jpg,0
/home/lg08/main/data/standard_collective/eJQzv-11044.jpg,0
/home/lg08/main/data/standard_collective/PV01_325324_1205380.bmp,1
/home/lg08/main/data/standard_collective/PV01_325211_1204200.bmp,1
/home/lg08/main/data/standard_collective/PV01_325217_1204197.bmp,1
/home/lg08/main/data/standard_collective/CGElw-29524.jpg,0
/home/lg08/main/data/standard_collective/ezzOO-98117.jpg,0
/home/lg08/main/data/standard_collective/PV01_325314_1205505.bmp,1
/home/lg08/main/data/standard_collective/cYsKz-82050.jpg,0
/home/lg08/main/data/standard_collective/PV01_325537_1203833.bmp,1
/home/lg08/main/data/standard_collective/PV01_325331_1205372.bmp,1
/home/lg08/main/data/standard_collective/PV01_325367_1205533.bmp,1
/home/lg08/main/data/standard_collective/PV01_325416_1205353.bmp,1
/home/lg08/main/data/standard_collective/bDguR-63989.jpg,0
/home/lg08/main/data/standard_collective/PV01_325137_1204232.bmp,1
/home/lg08/main/data/standard_collective/EgnFZ-46540.jpg,0
/home/lg08/main/data/standard_collective/etabq-37973.jpg,0
/home/lg08/main/data/standard_collective/bxDzj-58884.jpg,0
/home/lg08/main/data/standard_collective/DmyFD-36372.jpg,0
/home/lg08/main/data/standard_collective/PV01_325338_1205377.bmp,1
/home/lg08/main/data/standard_collective/ejbDz-60677.jpg,0
/home/lg08/main/data/standard_collective/PV01_325334_1203791.bmp,1
/home/lg08/main/data/standard_collective/dXQQG-57659.jpg,0
/home/lg08/main/data/standard_collective/PV01_325204_1204172.bmp,1
/home/lg08/main/data/standard_collective/PV01_325127_1204237.bmp,1
/home/lg08/main/data/standard_collective/cvMTi-69016.jpg,0
/home/lg08/main/data/standard_collective/eeSZF-91112.jpg,0
/home/lg08/main/data/standard_collective/FDXoI-13768.jpg,0
/home/lg08/main/data/standard_collective/EqpEt-88495.jpg,0
/home/lg08/main/data/standard_collective/PV01_325199_1204183.bmp,1
/home/lg08/main/data/standard_collective/PV01_325215_1204194.bmp,1
/home/lg08/main/data/standard_collective/PV01_325326_1205377.bmp,1
/home/lg08/main/data/standard_collective/PV01_325333_1205375.bmp,1
/home/lg08/main/data/standard_collective/AwqmH-77660.jpg,0
/home/lg08/main/data/standard_collective/PV01_325424_1204675.bmp,1
/home/lg08/main/data/standard_collective/PV01_325215_1204186.bmp,1
/home/lg08/main/data/standard_collective/ekSkl-43924.jpg,0
/home/lg08/main/data/standard_collective/buTly-94798.jpg,0
/home/lg08/main/data/standard_collective/eenUg-92723.jpg,0
/home/lg08/main/data/standard_collective/PV01_325206_1204186.bmp,1
/home/lg08/main/data/standard_collective/PV01_325211_1204172.bmp,1
/home/lg08/main/data/standard_collective/BezVS-71526.jpg,0
/home/lg08/main/data/standard_collective/eOSGr-29018.jpg,0
/home/lg08/main/data/standard_collective/aqunr-70885.jpg,0
/home/lg08/main/data/standard_collective/cjVID-25853.jpg,0
/home/lg08/main/data/standard_collective/bTeNx-49553.jpg,0
/home/lg08/main/data/standard_collective/cgJnT-99328.jpg,0
/home/lg08/main/data/standard_collective/cESpS-23695.jpg,0
/home/lg08/main/data/standard_collective/PV01_325211_1204175.bmp,1
/home/lg08/main/data/standard_collective/cMQTR-89465.jpg,0
/home/lg08/main/data/standard_collective/eqVYW-22996.jpg,0
/home/lg08/main/data/standard_collective/DwYQG-16483.jpg,0
/home/lg08/main/data/standard_collective/aCGOx-22214.jpg,0
/home/lg08/main/data/standard_collective/DsZoC-37455.jpg,0
/home/lg08/main/data/standard_collective/PV01_325412_1205362.bmp,1
/home/lg08/main/data/standard_collective/PV01_325360_1205530.bmp,1
/home/lg08/main/data/standard_collective/DaTFE-90392.jpg,0
/home/lg08/main/data/standard_collective/awBMI-88985.jpg,0
/home/lg08/main/data/standard_collective/exSwx-99195.jpg,0
/home/lg08/main/data/standard_collective/PV01_325358_1205367.bmp,1
/home/lg08/main/data/standard_collective/bpbjs-37317.jpg,0
/home/lg08/main/data/standard_collective/fdbDh-58288.jpg,0
/home/lg08/main/data/standard_collective/CCSLw-31576.jpg,0
/home/lg08/main/data/standard_collective/cRqwI-57560.jpg,0
/home/lg08/main/data/standard_collective/PV01_325359_1205353.bmp,1
/home/lg08/main/data/standard_collective/CxJWi-72589.jpg,0
/home/lg08/main/data/standard_collective/bBllb-50946.jpg,0
/home/lg08/main/data/standard_collective/PV01_325130_1204240.bmp,1
/home/lg08/main/data/standard_collective/PV01_325583_1204528.bmp,1
/home/lg08/main/data/standard_collective/PV01_325319_1205478.bmp,1
/home/lg08/main/data/standard_collective/PV01_325335_1205372.bmp,1
/home/lg08/main/data/standard_collective/enGfP-10410.jpg,0
/home/lg08/main/data/standard_collective/DMmMS-79945.jpg,0
/home/lg08/main/data/standard_collective/aMSCO-10473.jpg,0
/home/lg08/main/data/standard_collective/DVlmr-59001.jpg,0
/home/lg08/main/data/standard_collective/Bblls-99688.jpg,0
/home/lg08/main/data/standard_collective/cMnwp-91962.jpg,0
/home/lg08/main/data/standard_collective/PV01_325361_1205367.bmp,1
/home/lg08/main/data/standard_collective/EFklC-65736.jpg,0
/home/lg08/main/data/standard_collective/PV01_325369_1205522.bmp,1
/home/lg08/main/data/standard_collective/dPcxf-82585.jpg,0
/home/lg08/main/data/standard_collective/PV01_325130_1204232.bmp,1
/home/lg08/main/data/standard_collective/PV01_325206_1204170.bmp,1
/home/lg08/main/data/standard_collective/aRujJ-96661.jpg,0
/home/lg08/main/data/standard_collective/alldf-43356.jpg,0
/home/lg08/main/data/standard_collective/PV01_325416_1205359.bmp,1
/home/lg08/main/data/standard_collective/CuxEQ-41122.jpg,0
/home/lg08/main/data/standard_collective/PV01_325195_1204159.bmp,1
/home/lg08/main/data/standard_collective/PV01_325372_1205525.bmp,1
/home/lg08/main/data/standard_collective/PV01_325412_1205372.bmp,1
/home/lg08/main/data/standard_collective/CsJYY-45828.jpg,0
/home/lg08/main/data/standard_collective/PV01_325125_1204243.bmp,1
/home/lg08/main/data/standard_collective/PV01_325358_1205527.bmp,1
/home/lg08/main/data/standard_collective/PV01_325324_1205375.bmp,1
/home/lg08/main/data/standard_collective/Aghhm-57327.jpg,0
/home/lg08/main/data/standard_collective/PV01_325365_1205364.bmp,1
/home/lg08/main/data/standard_collective/PV01_325134_1204235.bmp,1
/home/lg08/main/data/standard_collective/PV01_325125_1204248.bmp,1
/home/lg08/main/data/standard_collective/PV01_325197_1204159.bmp,1
/home/lg08/main/data/standard_collective/PV01_325148_1204229.bmp,1
/home/lg08/main/data/standard_collective/PV01_325419_1205351.bmp,1
/home/lg08/main/data/standard_collective/AgJiQ-51385.jpg,0
/home/lg08/main/data/standard_collective/bxdTJ-50934.jpg,0
/home/lg08/main/data/standard_collective/ClYeT-61798.jpg,0
/home/lg08/main/data/standard_collective/PV01_325141_1204243.bmp,1
/home/lg08/main/data/standard_collective/BpvMC-88076.jpg,0
/home/lg08/main/data/standard_collective/PV01_325192_1204159.bmp,1
/home/lg08/main/data/standard_collective/PV01_325376_1205528.bmp,1
/home/lg08/main/data/standard_collective/AGaGj-78729.jpg,0
/home/lg08/main/data/standard_collective/dbGoi-48836.jpg,0
/home/lg08/main/data/standard_collective/AOmuw-52758.jpg,0
/home/lg08/main/data/standard_collective/PV01_325324_1205369.bmp,1
/home/lg08/main/data/standard_collective/adeOe-45510.jpg,0
/home/lg08/main/data/standard_collective/fCVON-41812.jpg,0
/home/lg08/main/data/standard_collective/EsmkJ-44383.jpg,0
/home/lg08/main/data/standard_collective/PV01_325334_1203789.bmp,1
/home/lg08/main/data/standard_collective/dPkAz-40286.jpg,0
/home/lg08/main/data/standard_collective/dkgMO-30488.jpg,0
/home/lg08/main/data/standard_collective/PV01_325416_1205351.bmp,1
/home/lg08/main/data/standard_collective/aHwMj-38556.jpg,0
/home/lg08/main/data/standard_collective/Eebdu-18934.jpg,0
/home/lg08/main/data/standard_collective/PV01_325365_1205356.bmp,1
/home/lg08/main/data/standard_collective/PV01_325222_1204181.bmp,1
/home/lg08/main/data/standard_collective/eSZCc-54591.jpg,0
/home/lg08/main/data/standard_collective/PV01_325314_1205503.bmp,1
/home/lg08/main/data/standard_collective/DHBOQ-56789.jpg,0
/home/lg08/main/data/standard_collective/apFxB-18131.jpg,0
/home/lg08/main/data/standard_collective/PV01_325358_1205530.bmp,1
/home/lg08/main/data/standard_collective/aTZdx-98425.jpg,0
/home/lg08/main/data/standard_collective/DXZrS-39895.jpg,0
/home/lg08/main/data/standard_collective/PV01_325194_1204172.bmp,1
/home/lg08/main/data/standard_collective/FgdLO-21547.jpg,0
/home/lg08/main/data/standard_collective/dOJbR-52105.jpg,0
/home/lg08/main/data/standard_collective/ETXgu-28835.jpg,0
/home/lg08/main/data/standard_collective/ATLzB-32873.jpg,0
/home/lg08/main/data/standard_collective/bWTno-37637.jpg,0
/home/lg08/main/data/standard_collective/ErSoN-33770.jpg,0
/home/lg08/main/data/standard_collective/PV01_325330_1203767.bmp,1
/home/lg08/main/data/standard_collective/PV01_325148_1204232.bmp,1
/home/lg08/main/data/standard_collective/cWJtd-51671.jpg,0
/home/lg08/main/data/standard_collective/PV01_325204_1204161.bmp,1
/home/lg08/main/data/standard_collective/bktfs-66368.jpg,0
/home/lg08/main/data/standard_collective/PV01_325199_1204172.bmp,1
/home/lg08/main/data/standard_collective/ayBRI-31662.jpg,0
/home/lg08/main/data/standard_collective/PV01_325146_1204229.bmp,1
/home/lg08/main/data/standard_collective/cCGpX-39207.jpg,0
/home/lg08/main/data/standard_collective/PV01_325190_1204153.bmp,1
/home/lg08/main/data/standard_collective/dnsaN-23146.jpg,0
/home/lg08/main/data/standard_collective/PV01_325220_1204200.bmp,1
/home/lg08/main/data/standard_collective/cunRc-35182.jpg,0
/home/lg08/main/data/standard_collective/eIhYo-84872.jpg,0
/home/lg08/main/data/standard_collective/bMszA-70070.jpg,0
/home/lg08/main/data/standard_collective/PV01_325197_1204172.bmp,1
/home/lg08/main/data/standard_collective/PV01_325199_1204161.bmp,1
/home/lg08/main/data/standard_collective/cRavr-97402.jpg,0
/home/lg08/main/data/standard_collective/PV01_325213_1204208.bmp,1
/home/lg08/main/data/standard_collective/PV01_325319_1205369.bmp,1
/home/lg08/main/data/standard_collective/CCPgG-46799.jpg,0
/home/lg08/main/data/standard_collective/PV01_325127_1204251.bmp,1
/home/lg08/main/data/standard_collective/PV01_325215_1204181.bmp,1
/home/lg08/main/data/standard_collective/DmwXA-26327.jpg,0
/home/lg08/main/data/standard_collective/etDye-99357.jpg,0
/home/lg08/main/data/standard_collective/CaBqx-10234.jpg,0
/home/lg08/main/data/standard_collective/PV01_325358_1205361.bmp,1
/home/lg08/main/data/standard_collective/PV01_324972_1203801.bmp,1
/home/lg08/main/data/standard_collective/PV01_325143_1204246.bmp,1
/home/lg08/main/data/standard_collective/PV01_325206_1204151.bmp,1
/home/lg08/main/data/standard_collective/aWAKB-94570.jpg,0
/home/lg08/main/data/standard_collective/DEANi-91882.jpg,0
/home/lg08/main/data/standard_collective/PV01_325211_1204202.bmp,1
/home/lg08/main/data/standard_collective/aTIiq-94764.jpg,0
/home/lg08/main/data/standard_collective/PV01_325327_1203764.bmp,1
/home/lg08/main/data/standard_collective/PV01_325195_1204164.bmp,1
/home/lg08/main/data/standard_collective/AJIDe-72236.jpg,0
/home/lg08/main/data/standard_collective/PV01_325154_1203810.bmp,1
/home/lg08/main/data/standard_collective/PV01_325371_1203808.bmp,1
/home/lg08/main/data/standard_collective/PV01_325358_1205364.bmp,1
/home/lg08/main/data/standard_collective/aGXAN-62104.jpg,0
/home/lg08/main/data/standard_collective/PV01_324958_1203803.bmp,1
/home/lg08/main/data/standard_collective/awbup-78381.jpg,0
/home/lg08/main/data/standard_collective/PV01_325215_1204202.bmp,1
/home/lg08/main/data/standard_collective/Ehylm-34932.jpg,0
/home/lg08/main/data/standard_collective/BlvjF-26323.jpg,0
/home/lg08/main/data/standard_collective/EOSBq-82417.jpg,0
/home/lg08/main/data/standard_collective/PV01_325132_1204229.bmp,1
/home/lg08/main/data/standard_collective/PV01_325373_1203808.bmp,1
/home/lg08/main/data/standard_collective/cfrKr-57004.jpg,0
/home/lg08/main/data/standard_collective/CAcZW-71405.jpg,0
/home/lg08/main/data/standard_collective/PV01_325222_1204183.bmp,1
/home/lg08/main/data/standard_collective/cDWnJ-53210.jpg,0
/home/lg08/main/data/standard_collective/PV01_325215_1204191.bmp,1
/home/lg08/main/data/standard_collective/PV01_325361_1205359.bmp,1
/home/lg08/main/data/standard_collective/PV01_325365_1205530.bmp,1
/home/lg08/main/data/standard_collective/PV01_325374_1205522.bmp,1
/home/lg08/main/data/standard_collective/PV01_325218_1204183.bmp,1
/home/lg08/main/data/standard_collective/PV01_325208_1204159.bmp,1
/home/lg08/main/data/standard_collective/eRSRF-77957.jpg,0
/home/lg08/main/data/standard_collective/PV01_325206_1204181.bmp,1
/home/lg08/main/data/standard_collective/PV01_325426_1204680.bmp,1
/home/lg08/main/data/standard_collective/PV01_325150_1204240.bmp,1
/home/lg08/main/data/standard_collective/PV01_325314_1205511.bmp,1
/home/lg08/main/data/standard_collective/PV01_325426_1204675.bmp,1
/home/lg08/main/data/standard_collective/PV01_325324_1205383.bmp,1
/home/lg08/main/data/standard_collective/PV01_325563_1204537.bmp,1
/home/lg08/main/data/standard_collective/PV01_325190_1204243.bmp,1
/home/lg08/main/data/standard_collective/PV01_325324_1205372.bmp,1
/home/lg08/main/data/standard_collective/PV01_325122_1203848.bmp,1
/home/lg08/main/data/standard_collective/PV01_325132_1204246.bmp,1
/home/lg08/main/data/standard_collective/EWaVM-91627.jpg,0
/home/lg08/main/data/standard_collective/fGaSw-25489.jpg,0
/home/lg08/main/data/standard_collective/PV01_325363_1205353.bmp,1
/home/lg08/main/data/standard_collective/PV01_325206_1204230.bmp,1
/home/lg08/main/data/standard_collective/PV01_325346_1203794.bmp,1
/home/lg08/main/data/standard_collective/PV01_325376_1205530.bmp,1
/home/lg08/main/data/standard_collective/PV01_325369_1205533.bmp,1
/home/lg08/main/data/standard_collective/CWrfd-44964.jpg,0
/home/lg08/main/data/standard_collective/PV01_325148_1204246.bmp,1
/home/lg08/main/data/standard_collective/PV01_325213_1204202.bmp,1
/home/lg08/main/data/standard_collective/PV01_325227_1204197.bmp,1
/home/lg08/main/data/standard_collective/PV01_325208_1204200.bmp,1
/home/lg08/main/data/standard_collective/DSWVi-24606.jpg,0
/home/lg08/main/data/standard_collective/bNKRn-79864.jpg,0
/home/lg08/main/data/standard_collective/EbiwW-58281.jpg,0
/home/lg08/main/data/standard_collective/AJEJB-87039.jpg,0
/home/lg08/main/data/standard_collective/PV01_325208_1204164.bmp,1
/home/lg08/main/data/standard_collective/PV01_325472_1204667.bmp,1
/home/lg08/main/data/standard_collective/PV01_325361_1205361.bmp,1
/home/lg08/main/data/standard_collective/bGrSV-67836.jpg,0
/home/lg08/main/data/standard_collective/ejRXf-19482.jpg,0
/home/lg08/main/data/standard_collective/erFqR-84441.jpg,0
/home/lg08/main/data/standard_collective/dCPMR-40700.jpg,0
/home/lg08/main/data/standard_collective/PV01_325559_1204597.bmp,1
/home/lg08/main/data/standard_collective/EeFaz-77697.jpg,0
/home/lg08/main/data/standard_collective/dJObJ-35346.jpg,0
/home/lg08/main/data/standard_collective/EaNUc-60846.jpg,0
/home/lg08/main/data/standard_collective/PV01_325127_1204248.bmp,1
/home/lg08/main/data/standard_collective/PV01_325139_1204224.bmp,1
/home/lg08/main/data/standard_collective/PV01_325197_1204167.bmp,1
/home/lg08/main/data/standard_collective/PV01_325144_1204224.bmp,1
/home/lg08/main/data/standard_collective/cXgvd-83610.jpg,0
/home/lg08/main/data/standard_collective/bBxtO-30327.jpg,0
/home/lg08/main/data/standard_collective/BQYft-17097.jpg,0
/home/lg08/main/data/standard_collective/PV01_325355_1205525.bmp,1
/home/lg08/main/data/standard_collective/CsPot-54180.jpg,0
/home/lg08/main/data/standard_collective/DZyXs-78503.jpg,0
/home/lg08/main/data/standard_collective/PV01_325139_1204227.bmp,1
/home/lg08/main/data/standard_collective/DipeB-21883.jpg,0
/home/lg08/main/data/standard_collective/PV01_325130_1204246.bmp,1
/home/lg08/main/data/standard_collective/CfDZS-48055.jpg,0
/home/lg08/main/data/standard_collective/PV01_325206_1204167.bmp,1
/home/lg08/main/data/standard_collective/PV01_325192_1204249.bmp,1
/home/lg08/main/data/standard_collective/BcxqI-42727.jpg,0
/home/lg08/main/data/standard_collective/PV01_325195_1204156.bmp,1
/home/lg08/main/data/standard_collective/PV01_325137_1204227.bmp,1
/home/lg08/main/data/standard_collective/PV01_325419_1205356.bmp,1
/home/lg08/main/data/standard_collective/Fbvfy-17465.jpg,0
/home/lg08/main/data/standard_collective/bQYCF-89034.jpg,0
/home/lg08/main/data/standard_collective/fEvtW-43746.jpg,0
/home/lg08/main/data/standard_collective/PV01_325188_1204161.bmp,1
/home/lg08/main/data/standard_collective/PV01_325572_1204564.bmp,1
/home/lg08/main/data/standard_collective/CaZSI-99661.jpg,0
/home/lg08/main/data/standard_collective/DbFaE-74913.jpg,0
/home/lg08/main/data/standard_collective/AgpcJ-95211.jpg,0
/home/lg08/main/data/standard_collective/dkBAT-25058.jpg,0
/home/lg08/main/data/standard_collective/CHaFh-95329.jpg,0
/home/lg08/main/data/standard_collective/PV01_325357_1203794.bmp,1
/home/lg08/main/data/standard_collective/acAoq-98949.jpg,0
/home/lg08/main/data/standard_collective/ciKOg-91252.jpg,0
/home/lg08/main/data/standard_collective/AZTGu-43400.jpg,0
/home/lg08/main/data/standard_collective/dhCXa-69999.jpg,0
/home/lg08/main/data/standard_collective/eTEPp-10203.jpg,0
/home/lg08/main/data/standard_collective/DUnMV-54383.jpg,0
/home/lg08/main/data/standard_collective/eQQAQ-43497.jpg,0
/home/lg08/main/data/standard_collective/bRARh-80261.jpg,0
/home/lg08/main/data/standard_collective/PV01_325369_1205530.bmp,1
/home/lg08/main/data/standard_collective/PV01_325572_1204545.bmp,1
/home/lg08/main/data/standard_collective/PV01_325199_1204159.bmp,1
/home/lg08/main/data/standard_collective/PV01_325354_1205356.bmp,1
/home/lg08/main/data/standard_collective/PV01_325414_1205364.bmp,1
/home/lg08/main/data/standard_collective/PV01_325123_1204226.bmp,1
/home/lg08/main/data/standard_collective/DmzxJ-67017.jpg,0
/home/lg08/main/data/standard_collective/PV01_325211_1204191.bmp,1
/home/lg08/main/data/standard_collective/DwaCC-31048.jpg,0
/home/lg08/main/data/standard_collective/PV01_325125_1204232.bmp,1
/home/lg08/main/data/standard_collective/PV01_325328_1205369.bmp,1
/home/lg08/main/data/standard_collective/CqYwK-34284.jpg,0
/home/lg08/main/data/standard_collective/aMGRM-21383.jpg,0
/home/lg08/main/data/standard_collective/BUDNC-50307.jpg,0
/home/lg08/main/data/standard_collective/PV01_325148_1204237.bmp,1
/home/lg08/main/data/standard_collective/EkFRv-23150.jpg,0
/home/lg08/main/data/standard_collective/PV01_325228_1203845.bmp,1
/home/lg08/main/data/standard_collective/CczwJ-43914.jpg,0
/home/lg08/main/data/standard_collective/Eussq-63751.jpg,0
/home/lg08/main/data/standard_collective/PV01_324981_1203795.bmp,1
/home/lg08/main/data/standard_collective/PV01_325222_1204189.bmp,1
/home/lg08/main/data/standard_collective/aaRcd-34178.jpg,0
/home/lg08/main/data/standard_collective/PV01_325316_1205511.bmp,1
/home/lg08/main/data/standard_collective/aFErZ-19436.jpg,0
/home/lg08/main/data/standard_collective/evBVE-54271.jpg,0
/home/lg08/main/data/standard_collective/PV01_325372_1205530.bmp,1
/home/lg08/main/data/standard_collective/PV01_325317_1205369.bmp,1
/home/lg08/main/data/standard_collective/PV01_325213_1204175.bmp,1
/home/lg08/main/data/standard_collective/PV01_325206_1204172.bmp,1
/home/lg08/main/data/standard_collective/DGanF-53376.jpg,0
/home/lg08/main/data/standard_collective/aZbPt-44731.jpg,0
/home/lg08/main/data/standard_collective/BnpxR-10708.jpg,0
/home/lg08/main/data/standard_collective/eLKpJ-68647.jpg,0
/home/lg08/main/data/standard_collective/eHSbN-43708.jpg,0
/home/lg08/main/data/standard_collective/PV01_325134_1204232.bmp,1
/home/lg08/main/data/standard_collective/PV01_325328_1205383.bmp,1
/home/lg08/main/data/standard_collective/PV01_325199_1204167.bmp,1
/home/lg08/main/data/standard_collective/aPvRF-70211.jpg,0
/home/lg08/main/data/standard_collective/PV01_324951_1203793.bmp,1
/home/lg08/main/data/standard_collective/dHPBB-13869.jpg,0
/home/lg08/main/data/standard_collective/PV01_325496_1203754.bmp,1
/home/lg08/main/data/standard_collective/BNkbp-95199.jpg,0
/home/lg08/main/data/standard_collective/dCFJU-28438.jpg,0
/home/lg08/main/data/standard_collective/DpVSr-45194.jpg,0
/home/lg08/main/data/standard_collective/FBpUY-21740.jpg,0
/home/lg08/main/data/standard_collective/PV01_325416_1205356.bmp,1
/home/lg08/main/data/standard_collective/aIast-76907.jpg,0
/home/lg08/main/data/standard_collective/cELQd-35738.jpg,0
/home/lg08/main/data/standard_collective/PV01_325143_1204235.bmp,1
/home/lg08/main/data/standard_collective/beLJN-61236.jpg,0
/home/lg08/main/data/standard_collective/dGfom-98066.jpg,0
/home/lg08/main/data/standard_collective/aKwWi-51903.jpg,0
/home/lg08/main/data/standard_collective/CaJyU-37259.jpg,0
/home/lg08/main/data/standard_collective/PV01_325500_1203822.bmp,1
/home/lg08/main/data/standard_collective/AdYDQ-24433.jpg,0
/home/lg08/main/data/standard_collective/EuwPf-28940.jpg,0
/home/lg08/main/data/standard_collective/bKEva-31022.jpg,0
/home/lg08/main/data/standard_collective/PV01_325144_1204227.bmp,1
/home/lg08/main/data/standard_collective/Culzu-90758.jpg,0
/home/lg08/main/data/standard_collective/ekDdV-70460.jpg,0
/home/lg08/main/data/standard_collective/PV01_324956_1203801.bmp,1
/home/lg08/main/data/standard_collective/EJpBs-52777.jpg,0
/home/lg08/main/data/standard_collective/PV01_325211_1204181.bmp,1
/home/lg08/main/data/standard_collective/EcPao-49680.jpg,0
/home/lg08/main/data/standard_collective/PV01_325224_1204200.bmp,1
/home/lg08/main/data/standard_collective/PV01_325319_1205508.bmp,1
/home/lg08/main/data/standard_collective/PV01_325130_1204243.bmp,1
/home/lg08/main/data/standard_collective/PV01_325213_1204189.bmp,1
/home/lg08/main/data/standard_collective/PV01_325192_1204167.bmp,1
/home/lg08/main/data/standard_collective/deBLD-89681.jpg,0
/home/lg08/main/data/standard_collective/PV01_325581_1204558.bmp,1
/home/lg08/main/data/standard_collective/CnhRR-80910.jpg,0
/home/lg08/main/data/standard_collective/PV01_325333_1205372.bmp,1
/home/lg08/main/data/standard_collective/etNmY-71043.jpg,0
/home/lg08/main/data/standard_collective/egGHG-62679.jpg,0
/home/lg08/main/data/standard_collective/dtcFJ-77666.jpg,0
/home/lg08/main/data/standard_collective/cyqQd-58285.jpg,0
/home/lg08/main/data/standard_collective/PV01_324942_1203842.bmp,1
/home/lg08/main/data/standard_collective/Ecueu-28974.jpg,0
/home/lg08/main/data/standard_collective/PV01_325599_1204545.bmp,1
/home/lg08/main/data/standard_collective/cjllR-63428.jpg,0
/home/lg08/main/data/standard_collective/FfMuN-26279.jpg,0
/home/lg08/main/data/standard_collective/PV01_325415_1203775.bmp,1
/home/lg08/main/data/standard_collective/PV01_325132_1204248.bmp,1
/home/lg08/main/data/standard_collective/DoIRr-82693.jpg,0
/home/lg08/main/data/standard_collective/DZOsF-30261.jpg,0
/home/lg08/main/data/standard_collective/PV01_325130_1204235.bmp,1
/home/lg08/main/data/standard_collective/CNSHg-93298.jpg,0
/home/lg08/main/data/standard_collective/PV01_325573_1204537.bmp,1
/home/lg08/main/data/standard_collective/BrnYU-80557.jpg,0
/home/lg08/main/data/standard_collective/dKNeb-20054.jpg,0
/home/lg08/main/data/standard_collective/exlLI-58319.jpg,0
/home/lg08/main/data/standard_collective/PV01_325204_1204156.bmp,1
/home/lg08/main/data/standard_collective/EGjUn-13171.jpg,0
/home/lg08/main/data/standard_collective/PV01_325319_1205377.bmp,1
/home/lg08/main/data/standard_collective/PV01_325376_1205525.bmp,1
/home/lg08/main/data/standard_collective/PV01_325414_1205353.bmp,1
/home/lg08/main/data/standard_collective/AmhSp-61873.jpg,0
/home/lg08/main/data/standard_collective/FGpWR-61293.jpg,0
/home/lg08/main/data/standard_collective/PV01_325144_1204229.bmp,1
/home/lg08/main/data/standard_collective/ayAHO-13459.jpg,0
/home/lg08/main/data/standard_collective/PV01_325399_1203751.bmp,1
/home/lg08/main/data/standard_collective/cCXDa-52723.jpg,0
/home/lg08/main/data/standard_collective/PV01_325154_1203812.bmp,1
/home/lg08/main/data/standard_collective/PV01_325322_1205369.bmp,1
/home/lg08/main/data/standard_collective/aZVDq-15614.jpg,0
/home/lg08/main/data/standard_collective/dstfC-82250.jpg,0
/home/lg08/main/data/standard_collective/PV01_325208_1204232.bmp,1
/home/lg08/main/data/standard_collective/PV01_325365_1205361.bmp,1
/home/lg08/main/data/standard_collective/PV01_325213_1204172.bmp,1
/home/lg08/main/data/standard_collective/DZXlW-42548.jpg,0
/home/lg08/main/data/standard_collective/PV01_325356_1205364.bmp,1
/home/lg08/main/data/standard_collective/DgNZC-75103.jpg,0
/home/lg08/main/data/standard_collective/DWmBa-39036.jpg,0
/home/lg08/main/data/standard_collective/PV01_325414_1205356.bmp,1
/home/lg08/main/data/standard_collective/cMtts-53345.jpg,0
/home/lg08/main/data/standard_collective/PV01_325335_1205375.bmp,1
/home/lg08/main/data/standard_collective/PV01_325424_1204680.bmp,1
/home/lg08/main/data/standard_collective/AZnIC-53120.jpg,0
/home/lg08/main/data/standard_collective/PV01_325227_1204200.bmp,1
/home/lg08/main/data/standard_collective/CRoHg-24131.jpg,0
/home/lg08/main/data/standard_collective/PV01_325362_1205533.bmp,1
/home/lg08/main/data/standard_collective/PV01_325374_1205528.bmp,1
/home/lg08/main/data/standard_collective/bgELb-86656.jpg,0
/home/lg08/main/data/standard_collective/CFCDt-18030.jpg,0
/home/lg08/main/data/standard_collective/BSGaf-27546.jpg,0
/home/lg08/main/data/standard_collective/PV01_325414_1205359.bmp,1
/home/lg08/main/data/standard_collective/ASHfC-95132.jpg,0
/home/lg08/main/data/standard_collective/DKdhO-39413.jpg,0
/home/lg08/main/data/standard_collective/PV01_325125_1204229.bmp,1
/home/lg08/main/data/standard_collective/PV01_325150_1204243.bmp,1
/home/lg08/main/data/standard_collective/DwdDh-87822.jpg,0
/home/lg08/main/data/standard_collective/PV01_325143_1204243.bmp,1
/home/lg08/main/data/standard_collective/PV01_325206_1204191.bmp,1
/home/lg08/main/data/standard_collective/PV01_325419_1205364.bmp,1
/home/lg08/main/data/standard_collective/BkjYm-42639.jpg,0
/home/lg08/main/data/standard_collective/dAPND-81517.jpg,0
/home/lg08/main/data/standard_collective/PV01_325125_1204246.bmp,1
/home/lg08/main/data/standard_collective/cpqDo-77525.jpg,0
/home/lg08/main/data/standard_collective/PV01_325220_1204202.bmp,1
/home/lg08/main/data/standard_collective/PV01_325208_1204178.bmp,1
/home/lg08/main/data/standard_collective/bIDZc-21768.jpg,0
/home/lg08/main/data/standard_collective/ANeqe-63724.jpg,0
/home/lg08/main/data/standard_collective/CHXCd-79834.jpg,0
/home/lg08/main/data/standard_collective/eYRji-21576.jpg,0
/home/lg08/main/data/standard_collective/EzSBF-68591.jpg,0
/home/lg08/main/data/standard_collective/PV01_325326_1205372.bmp,1
/home/lg08/main/data/standard_collective/cYwWX-68496.jpg,0
/home/lg08/main/data/standard_collective/beBYo-19811.jpg,0
/home/lg08/main/data/standard_collective/CMLiH-48041.jpg,0
/home/lg08/main/data/standard_collective/PV01_325130_1204248.bmp,1
/home/lg08/main/data/standard_collective/PV01_325332_1205345.bmp,1
/home/lg08/main/data/standard_collective/dzuuO-34716.jpg,0
/home/lg08/main/data/standard_collective/dOWXE-64904.jpg,0
/home/lg08/main/data/standard_collective/fgRzB-83113.jpg,0
/home/lg08/main/data/standard_collective/DKBJN-82337.jpg,0
/home/lg08/main/data/standard_collective/eyZAS-50869.jpg,0
/home/lg08/main/data/standard_collective/DAAVL-75013.jpg,0
/home/lg08/main/data/standard_collective/PV01_325123_1204235.bmp,1
/home/lg08/main/data/standard_collective/PV01_325599_1204553.bmp,1
/home/lg08/main/data/standard_collective/PV01_325148_1204243.bmp,1
/home/lg08/main/data/standard_collective/PV01_325204_1204164.bmp,1
/home/lg08/main/data/standard_collective/fgLPv-90962.jpg,0
/home/lg08/main/data/standard_collective/BhFyf-23026.jpg,0
/home/lg08/main/data/standard_collective/PV01_325356_1205358.bmp,1
/home/lg08/main/data/standard_collective/PV01_325130_1204251.bmp,1
/home/lg08/main/data/standard_collective/bJDFx-38978.jpg,0
/home/lg08/main/data/standard_collective/AHofT-80357.jpg,0
/home/lg08/main/data/standard_collective/BMRkD-87721.jpg,0
/home/lg08/main/data/standard_collective/PV01_325122_1203763.bmp,1
/home/lg08/main/data/standard_collective/PV01_325335_1205377.bmp,1
/home/lg08/main/data/standard_collective/Eehmf-45676.jpg,0
/home/lg08/main/data/standard_collective/DwKVu-83314.jpg,0
/home/lg08/main/data/standard_collective/PV01_325199_1204175.bmp,1
/home/lg08/main/data/standard_collective/PV01_325365_1205353.bmp,1
/home/lg08/main/data/standard_collective/PV01_325574_1204537.bmp,1
/home/lg08/main/data/standard_collective/FGgIT-59392.jpg,0
/home/lg08/main/data/standard_collective/BAjWm-11788.jpg,0
/home/lg08/main/data/standard_collective/FdhPq-72620.jpg,0
/home/lg08/main/data/standard_collective/PV01_325374_1205533.bmp,1
/home/lg08/main/data/standard_collective/PV01_325496_1203757.bmp,1
/home/lg08/main/data/standard_collective/BQEnP-25249.jpg,0
/home/lg08/main/data/standard_collective/eSbBm-49812.jpg,0
/home/lg08/main/data/standard_collective/PV01_325146_1204235.bmp,1
/home/lg08/main/data/standard_collective/DIkcY-25831.jpg,0
/home/lg08/main/data/standard_collective/PV01_325139_1204229.bmp,1
/home/lg08/main/data/standard_collective/EkMTZ-13720.jpg,0
/home/lg08/main/data/standard_collective/bCzlG-87845.jpg,0
/home/lg08/main/data/standard_collective/PV01_325192_1204164.bmp,1
/home/lg08/main/data/standard_collective/bOGdY-62117.jpg,0
/home/lg08/main/data/standard_collective/PV01_325360_1203797.bmp,1
/home/lg08/main/data/standard_collective/eltzl-50919.jpg,0
/home/lg08/main/data/standard_collective/AdSsM-47189.jpg,0
/home/lg08/main/data/standard_collective/AttQx-45358.jpg,0
/home/lg08/main/data/standard_collective/fbEIN-47169.jpg,0
/home/lg08/main/data/standard_collective/PV01_325122_1203850.bmp,1
/home/lg08/main/data/standard_collective/PV01_325124_1203848.bmp,1
/home/lg08/main/data/standard_collective/ascho-55814.jpg,0
/home/lg08/main/data/standard_collective/PV01_325365_1205522.bmp,1
/home/lg08/main/data/standard_collective/bwXJa-30866.jpg,0
/home/lg08/main/data/standard_collective/ECJZc-83438.jpg,0
/home/lg08/main/data/standard_collective/PV01_325213_1204186.bmp,1
/home/lg08/main/data/standard_collective/bfGbt-43862.jpg,0
/home/lg08/main/data/standard_collective/PV01_325574_1204539.bmp,1
/home/lg08/main/data/standard_collective/PV01_325220_1204189.bmp,1
/home/lg08/main/data/standard_collective/PV01_325348_1203794.bmp,1
/home/lg08/main/data/standard_collective/PV01_325188_1204159.bmp,1
/home/lg08/main/data/standard_collective/PV01_325429_1203811.bmp,1
/home/lg08/main/data/standard_collective/PV01_325328_1205375.bmp,1
/home/lg08/main/data/standard_collective/DkDIu-40178.jpg,0
/home/lg08/main/data/standard_collective/PV01_325331_1205380.bmp,1
/home/lg08/main/data/standard_collective/PV01_325190_1204170.bmp,1
/home/lg08/main/data/standard_collective/PV01_325204_1204148.bmp,1
